n,loss_train_discriminator,loss_test_generator,loss_train_generator,loss_test_discriminator,duration
1,0.7667236328125,0.29736328125,0.34039306640625,0.76171875,0 days 00:01:39.790368
2,0.697509765625,0.37158203125,0.35284423828125,0.6435546875,0 days 00:01:40.281234
